{
    "interfaces":[
        {
            "name": "g2/0"
        },
        {
            "name": "g2/0.10",
            "description":"Gateway for teacher vlan",
            "ip":"172.16.10.253",
            "mask":"255.255.255.0",
            "vlan_id":"10",
            "vrrp_id":"10",
            "vrrp_vip":"172.16.10.252",
            "vrrp_priority":"100",
            "vrrp_role":"backup"

        },
        {
            "name": "g2/0.20",
            "description":"Gateway for student vlan",
            "ip":"172.16.20.253",
            "mask":"255.255.255.0",
            "vlan_id":"20",
            "vrrp_id":"20",
            "vrrp_vip":"172.16.20.252",
            "vrrp_priority":"100",
            "vrrp_role":"backup"
        }
    ],
    "num_process" : "1",
    "networks": [
        {
            "ip":"172.16.10.0",
            "umask":"0.0.0.255",
            "area":"0"
        },
        {
            "ip":"172.16.20.0",
            "umask":"0.0.0.255",
            "area":"0"
        },
        {
            "ip":"10.1.1.0",
            "umask":"0.0.0.3",
            "area":"0"
        }
    ]
}
