{
    "interfaces":[
        {
            "name": "g3/0"
        },
        {
            "name": "g3/0.10",
            "description":"Gateway for teacher vlan",
            "ip":"172.16.30.254",
            "mask":"255.255.255.0",
            "vlan_id":"10",
            "vrrp_id":"10",
            "vrrp_vip":"172.16.30.252",
            "vrrp_priority":"110",
            "vrrp_role":"master"

        },
        {
            "name": "g3/0.20",
            "description":"Gateway for student vlan",
            "ip":"172.16.40.254",
            "mask":"255.255.255.0",
            "vlan_id":"20",
            "vrrp_id":"20",
            "vrrp_vip":"172.16.40.252",
            "vrrp_priority":"110",
            "vrrp_role":"master"
        }
    ],
    "num_process" : "1",
    "networks": [
        {
            "ip":"172.16.30.0",
            "umask":"0.0.0.255",
            "area":"0"
        },
        {
            "ip":"172.16.40.0",
            "umask":"0.0.0.255",
            "area":"0"
        },
        {
            "ip":"10.1.4.0",
            "umask":"0.0.0.3",
            "area":"0"
        }
    ]
}
